order_id,customer_id,order_date,product_name,category,quantity,unit_price,revenue
ORD-000001,CUST-0019,2024-02-05,Yoga Mat,Sports,1,10.53,10.53
ORD-000002,CUST-0006,2023-11-23,USB-C Hub,Electronics,2,356.64,713.28
ORD-000003,CUST-0041,2024-12-10,USB-C Hub,Electronics,1,61.45,61.45
ORD-000004,CUST-0002,2023-08-05,Makeup Brush Set,Beauty,2,24.61,49.22
ORD-000005,CUST-0056,2023-02-01,Yoga Mat,Sports,1,122.26,122.26
ORD-000006,CUST-0075,2023-06-25,Running Shoes,Clothing,1,81.30,81.30
ORD-000007,CUST-0066,2024-10-01,Bed Sheet Set,Home & Kitchen,3,74.71,224.13
ORD-000008,CUST-0080,2024-10-12,Yoga Mat,Sports,1,24.05,24.05
ORD-000009,CUST-0010,2023-11-09,Trail Backpack,Sports,2,112.60,225.20
ORD-000010,CUST-0051,2023-12-31,Smart Watch,Electronics,1,135.87,135.87
ORD-000011,CUST-0001,2023-05-29,Coffee Grinder,Home & Kitchen,2,19.94,39.88
ORD-000012,CUST-0063,2023-11-05,Business Handbook,Books,1,14.38,14.38
ORD-000013,CUST-0040,2023-10-14,Smart Watch,Electronics,1,56.36,56.36
ORD-000014,CUST-0069,2024-05-11,Robot Vacuum,Home & Kitchen,2,40.03,80.06
ORD-000015,CUST-0080,2024-09-21,Python Crash Course,Books,3,15.61,46.83
ORD-000016,CUST-0039,2024-03-21,Bluetooth Speaker,Electronics,1,200.98,200.98
ORD-000017,CUST-0047,2024-02-11,Vitamin C Serum,Beauty,1,20.11,20.11
ORD-000018,CUST-0007,2024-11-05,Robot Vacuum,Home & Kitchen,2,125.43,250.86
ORD-000019,CUST-0011,2024-04-30,Wireless Headphones,Electronics,2,85.51,171.02
ORD-000020,CUST-0055,2024-04-05,Sunscreen SPF 50,Beauty,3,37.11,111.33
ORD-000021,CUST-0001,2024-05-24,Cotton Hoodie,Clothing,1,47.41,47.41
ORD-000022,CUST-0066,2023-11-03,Denim Jacket,Clothing,1,30.56,30.56
ORD-000023,CUST-0005,2024-05-19,Mechanical Keyboard,Electronics,1,38.91,38.91
ORD-000024,CUST-0029,2024-06-25,USB-C Hub,Electronics,2,134.52,269.04
ORD-000025,CUST-0024,2024-08-19,Wireless Headphones,Electronics,1,135.52,135.52
ORD-000026,CUST-0017,2024-09-19,Air Fryer,Home & Kitchen,2,112.91,225.82
ORD-000027,CUST-0068,2023-04-19,Running Shoes,Clothing,2,46.91,93.82
ORD-000028,CUST-0005,2023-01-20,Kitchen Knife Set,Home & Kitchen,1,41.08,41.08
ORD-000029,CUST-0009,2024-12-04,Vitamin C Serum,Beauty,2,13.61,27.22
ORD-000030,CUST-0010,2023-09-24,Wireless Headphones,Electronics,1,58.47,58.47
ORD-000031,CUST-0009,2023-01-25,Healthy Meal Prep,Books,3,14.65,43.95
ORD-000032,CUST-0077,2023-06-04,Bluetooth Speaker,Electronics,2,137.91,275.82
ORD-000033,CUST-0035,2024-10-07,Smart Watch,Electronics,1,123.77,123.77
ORD-000034,CUST-0001,2024-07-23,Cotton Hoodie,Clothing,1,46.26,46.26
ORD-000035,CUST-0031,2023-05-22,Wireless Headphones,Electronics,4,37.63,150.52
ORD-000036,CUST-0021,2023-01-02,Air Fryer,Home & Kitchen,3,113.30,339.90
ORD-000037,CUST-0008,2024-12-26,Face Moisturizer,Beauty,2,8.46,16.92
ORD-000038,CUST-0029,2024-02-25,Mechanical Keyboard,Electronics,1,361.10,361.10
ORD-000039,CUST-0075,2024-09-17,Cotton Hoodie,Clothing,1,83.44,83.44
ORD-000040,CUST-0021,2023-12-07,USB-C Hub,Electronics,1,84.21,84.21
ORD-000041,CUST-0057,2023-10-28,Data Analytics Primer,Books,1,15.66,15.66
ORD-000042,CUST-0063,2023-08-18,Wireless Headphones,Electronics,4,62.03,248.12
ORD-000043,CUST-0035,2024-12-19,Smart Watch,Electronics,1,94.72,94.72
ORD-000044,CUST-0082,2023-03-10,Robot Vacuum,Home & Kitchen,3,79.57,238.71
ORD-000045,CUST-0019,2023-04-23,Smart Watch,Electronics,1,203.07,203.07
ORD-000046,CUST-0001,2023-07-24,Vitamin C Serum,Beauty,1,13.69,13.69
ORD-000047,CUST-0056,2023-05-28,Vitamin C Serum,Beauty,3,23.93,71.79
ORD-000048,CUST-0003,2024-06-13,Denim Jacket,Clothing,1,46.26,46.26
ORD-000049,CUST-0024,2023-12-30,Face Moisturizer,Beauty,2,19.59,39.18
ORD-000050,CUST-0044,2024-12-01,Foam Roller,Sports,1,68.83,68.83
ORD-000051,CUST-0067,2024-11-14,Body Lotion,Beauty,1,13.27,13.27
ORD-000052,CUST-0038,2023-12-13,Kitchen Knife Set,Home & Kitchen,2,71.30,142.60
ORD-000053,CUST-0016,2024-07-01,Air Fryer,Home & Kitchen,1,72.57,72.57
ORD-000054,CUST-0008,2023-01-10,Wireless Headphones,Electronics,2,344.27,688.54
ORD-000055,CUST-0074,2024-04-02,Air Fryer,Home & Kitchen,2,74.83,149.66
ORD-000056,CUST-0012,2023-04-13,Graphic T-Shirt,Clothing,1,47.15,47.15
ORD-000057,CUST-0063,2023-05-21,Graphic T-Shirt,Clothing,1,42.92,42.92
ORD-000058,CUST-0046,2023-10-12,Smart Watch,Electronics,1,41.53,41.53
ORD-000059,CUST-0009,2023-04-22,Business Handbook,Books,2,15.14,30.28
ORD-000060,CUST-0038,2024-05-18,Smart Watch,Electronics,1,38.14,38.14
ORD-000061,CUST-0011,2024-05-06,Cotton Hoodie,Clothing,2,59.82,119.64
ORD-000062,CUST-0070,2024-03-31,Healthy Meal Prep,Books,2,18.95,37.90
ORD-000063,CUST-0002,2023-03-02,Wireless Headphones,Electronics,1,132.76,132.76
ORD-000064,CUST-0035,2023-08-07,Robot Vacuum,Home & Kitchen,1,116.92,116.92
ORD-000065,CUST-0036,2023-02-03,Python Crash Course,Books,1,19.68,19.68
ORD-000066,CUST-0016,2024-03-09,Foam Roller,Sports,1,10.39,10.39
ORD-000067,CUST-0008,2024-04-20,Sunscreen SPF 50,Beauty,1,12.52,12.52
ORD-000068,CUST-0049,2023-03-22,Mechanical Keyboard,Electronics,1,194.52,194.52
ORD-000069,CUST-0020,2023-04-20,Cotton Hoodie,Clothing,1,60.65,60.65
ORD-000070,CUST-0040,2023-03-06,Denim Jacket,Clothing,2,43.70,87.40
ORD-000071,CUST-0052,2023-10-26,Air Fryer,Home & Kitchen,2,19.65,39.30
ORD-000072,CUST-0007,2024-10-22,Foam Roller,Sports,1,38.05,38.05
ORD-000073,CUST-0034,2023-04-24,Vitamin C Serum,Beauty,1,59.75,59.75
ORD-000074,CUST-0066,2023-02-27,Wireless Headphones,Electronics,1,85.03,85.03
ORD-000075,CUST-0001,2023-10-05,Running Shoes,Clothing,2,28.20,56.40
ORD-000076,CUST-0021,2024-02-07,Cotton Hoodie,Clothing,1,45.53,45.53
ORD-000077,CUST-0054,2023-07-20,Cotton Hoodie,Clothing,1,84.83,84.83
ORD-000078,CUST-0007,2023-12-03,Mechanical Keyboard,Electronics,1,58.49,58.49
ORD-000079,CUST-0007,2024-10-16,Coffee Grinder,Home & Kitchen,1,120.68,120.68
ORD-000080,CUST-0071,2023-07-02,Air Fryer,Home & Kitchen,1,114.29,114.29
ORD-000081,CUST-0068,2024-11-12,Vitamin C Serum,Beauty,1,19.18,19.18
ORD-000082,CUST-0030,2023-07-19,Coffee Grinder,Home & Kitchen,1,19.55,19.55
ORD-000083,CUST-0028,2023-09-19,Vitamin C Serum,Beauty,1,59.94,59.94
ORD-000084,CUST-0039,2023-12-08,Trail Backpack,Sports,3,26.26,78.78
ORD-000085,CUST-0007,2024-08-16,Yoga Mat,Sports,2,68.40,136.80
ORD-000086,CUST-0019,2023-05-22,Healthy Meal Prep,Books,1,7.03,7.03
ORD-000087,CUST-0056,2023-12-18,Yoga Leggings,Clothing,2,20.37,40.74
ORD-000088,CUST-0036,2023-02-17,Leadership Playbook,Books,1,26.35,26.35
ORD-000089,CUST-0021,2023-09-09,Cotton Hoodie,Clothing,1,19.34,19.34
ORD-000090,CUST-0017,2023-07-06,Smart Watch,Electronics,1,95.25,95.25
ORD-000091,CUST-0018,2024-07-11,Air Fryer,Home & Kitchen,1,41.93,41.93
ORD-000092,CUST-0055,2023-04-18,Smart Watch,Electronics,1,38.88,38.88
ORD-000093,CUST-0013,2023-02-20,Rain Jacket,Clothing,1,63.52,63.52
ORD-000094,CUST-0026,2024-08-02,Air Fryer,Home & Kitchen,1,243.80,243.80
ORD-000095,CUST-0015,2024-04-20,Coffee Grinder,Home & Kitchen,1,20.10,20.10
ORD-000096,CUST-0014,2023-05-25,Robot Vacuum,Home & Kitchen,2,77.57,155.14
ORD-000097,CUST-0061,2024-03-08,Mechanical Keyboard,Electronics,1,190.03,190.03
ORD-000098,CUST-0082,2023-09-12,Rain Jacket,Clothing,1,20.71,20.71
ORD-000099,CUST-0006,2023-01-17,Smart Watch,Electronics,2,356.51,713.02
ORD-000100,CUST-0006,2023-12-13,Wireless Headphones,Electronics,1,119.53,119.53
ORD-000101,CUST-0010,2023-10-21,Rain Jacket,Clothing,2,19.83,39.66
ORD-000102,CUST-0002,2023-11-26,Portable Charger,Electronics,1,92.58,92.58
ORD-000103,CUST-0001,2024-11-11,Smart Watch,Electronics,4,137.47,549.88
ORD-000104,CUST-0002,2024-06-15,Business Handbook,Books,1,10.01,10.01
ORD-000105,CUST-0002,2023-04-17,Kitchen Knife Set,Home & Kitchen,4,126.11,504.44
ORD-000106,CUST-0021,2023-11-04,Cotton Hoodie,Clothing,1,19.05,19.05
ORD-000107,CUST-0066,2023-05-16,Yoga Leggings,Clothing,3,20.16,60.48
ORD-000108,CUST-0005,2023-07-18,Mechanical Keyboard,Electronics,2,40.65,81.30
ORD-000109,CUST-0073,2023-06-19,Running Shoes,Clothing,1,84.60,84.60
ORD-000110,CUST-0040,2023-09-05,Hair Dryer,Beauty,1,59.11,59.11
ORD-000111,CUST-0024,2024-12-17,Air Fryer,Home & Kitchen,3,243.71,731.13
ORD-000112,CUST-0077,2024-03-28,Electric Kettle,Home & Kitchen,2,20.92,41.84
ORD-000113,CUST-0053,2023-10-22,Air Fryer,Home & Kitchen,3,247.43,742.29
ORD-000114,CUST-0002,2023-11-28,Graphic T-Shirt,Clothing,1,55.43,55.43
ORD-000115,CUST-0028,2024-07-31,Portable Charger,Electronics,2,95.48,190.96
ORD-000116,CUST-0001,2023-02-01,Running Shoes,Clothing,1,63.38,63.38
ORD-000117,CUST-0027,2023-02-11,Coffee Grinder,Home & Kitchen,1,20.57,20.57
ORD-000118,CUST-0004,2024-05-29,Business Handbook,Books,2,36.06,72.12
ORD-000119,CUST-0029,2024-09-21,Wireless Headphones,Electronics,1,88.76,88.76
ORD-000120,CUST-0018,2024-10-07,Makeup Brush Set,Beauty,1,13.20,13.20
ORD-000121,CUST-0015,2024-12-09,Foam Roller,Sports,1,24.31,24.31
ORD-000122,CUST-0015,2023-10-06,Makeup Brush Set,Beauty,1,59.35,59.35
ORD-000123,CUST-0002,2023-02-03,Vitamin C Serum,Beauty,2,33.70,67.40
ORD-000124,CUST-0006,2024-10-25,Cotton Hoodie,Clothing,4,80.76,323.04
ORD-000125,CUST-0001,2023-10-18,Vitamin C Serum,Beauty,3,17.60,52.80
ORD-000126,CUST-0008,2024-07-26,Finance Basics,Books,1,25.16,25.16
ORD-000127,CUST-0044,2023-12-15,Running Shoes,Clothing,1,62.42,62.42
ORD-000128,CUST-0016,2024-01-13,Graphic T-Shirt,Clothing,1,45.89,45.89
ORD-000129,CUST-0073,2024-12-17,Sunscreen SPF 50,Beauty,1,33.48,33.48
ORD-000130,CUST-0070,2024-06-07,Kitchen Knife Set,Home & Kitchen,1,39.90,39.90
ORD-000131,CUST-0039,2024-04-08,Cotton Hoodie,Clothing,1,58.50,58.50
ORD-000132,CUST-0006,2023-06-08,Running Shoes,Clothing,1,80.13,80.13
ORD-000133,CUST-0019,2023-08-14,Electric Kettle,Home & Kitchen,2,21.12,42.24
ORD-000134,CUST-0016,2023-11-09,Resistance Bands,Sports,1,15.85,15.85
ORD-000135,CUST-0019,2023-07-28,Kitchen Knife Set,Home & Kitchen,1,19.63,19.63
ORD-000136,CUST-0004,2024-07-30,Bluetooth Speaker,Electronics,1,39.90,39.90
ORD-000137,CUST-0029,2024-11-26,Cotton Hoodie,Clothing,1,77.09,77.09
ORD-000138,CUST-0068,2023-08-20,Body Lotion,Beauty,4,34.94,139.76
ORD-000139,CUST-0028,2024-11-15,Denim Jacket,Clothing,2,77.09,154.18
ORD-000140,CUST-0001,2023-06-15,Mechanical Keyboard,Electronics,1,90.21,90.21
ORD-000141,CUST-0038,2023-02-04,Graphic T-Shirt,Clothing,1,73.04,73.04
ORD-000142,CUST-0042,2024-10-03,Running Shoes,Clothing,1,42.62,42.62
ORD-000143,CUST-0038,2024-06-10,Wireless Headphones,Electronics,1,369.83,369.83
ORD-000144,CUST-0003,2024-11-29,Running Shoes,Clothing,1,29.59,29.59
ORD-000145,CUST-0004,2024-01-03,Data Analytics Primer,Books,1,15.65,15.65
ORD-000146,CUST-0048,2023-06-27,Kitchen Knife Set,Home & Kitchen,2,260.11,520.22
ORD-000147,CUST-0007,2024-04-20,Robot Vacuum,Home & Kitchen,2,118.62,237.24
ORD-000148,CUST-0020,2023-12-20,Air Fryer,Home & Kitchen,1,39.19,39.19
ORD-000149,CUST-0052,2024-05-14,Running Shoes,Clothing,3,20.80,62.40
ORD-000150,CUST-0045,2023-11-09,Smart Watch,Electronics,1,133.82,133.82
ORD-000151,CUST-0001,2024-08-17,Mechanical Keyboard,Electronics,3,368.63,1105.89
ORD-000152,CUST-0036,2024-05-15,Resistance Bands,Sports,1,122.85,122.85
ORD-000153,CUST-0029,2024-10-24,Bluetooth Speaker,Electronics,1,94.19,94.19
ORD-000154,CUST-0051,2024-11-07,Bluetooth Speaker,Electronics,1,344.68,344.68
ORD-000155,CUST-0047,2023-10-22,Healthy Meal Prep,Books,1,15.09,15.09
ORD-000156,CUST-0079,2024-04-30,Bed Sheet Set,Home & Kitchen,3,79.01,237.03
ORD-000157,CUST-0034,2023-07-05,Makeup Brush Set,Beauty,1,35.51,35.51
ORD-000158,CUST-0068,2023-10-26,Cotton Hoodie,Clothing,1,19.96,19.96
ORD-000159,CUST-0042,2023-08-17,USB-C Hub,Electronics,1,88.43,88.43
ORD-000160,CUST-0031,2023-12-14,Coffee Grinder,Home & Kitchen,1,20.92,20.92
ORD-000161,CUST-0064,2023-02-21,Kitchen Knife Set,Home & Kitchen,1,42.15,42.15
ORD-000162,CUST-0026,2024-04-01,Mechanical Keyboard,Electronics,3,209.48,628.44
ORD-000163,CUST-0003,2023-03-15,Running Shoes,Clothing,1,56.31,56.31
ORD-000164,CUST-0022,2023-08-19,Face Moisturizer,Beauty,2,13.63,27.26
ORD-000165,CUST-0027,2024-09-23,Cotton Hoodie,Clothing,1,47.34,47.34
ORD-000166,CUST-0075,2023-12-05,Denim Jacket,Clothing,3,43.95,131.85
ORD-000167,CUST-0004,2024-10-21,Business Handbook,Books,1,37.12,37.12
ORD-000168,CUST-0073,2023-01-19,Running Shoes,Clothing,1,75.55,75.55
ORD-000169,CUST-0051,2024-10-08,Smart Watch,Electronics,1,197.38,197.38
ORD-000170,CUST-0061,2024-05-11,Leadership Playbook,Books,1,7.06,7.06
ORD-000171,CUST-0023,2023-02-16,Air Fryer,Home & Kitchen,1,38.73,38.73
ORD-000172,CUST-0001,2023-04-02,Yoga Mat,Sports,2,62.22,124.44
ORD-000173,CUST-0025,2024-07-14,Data Analytics Primer,Books,2,14.83,29.66
ORD-000174,CUST-0009,2024-08-12,Running Shoes,Clothing,1,46.32,46.32
ORD-000175,CUST-0049,2023-01-26,Body Lotion,Beauty,1,59.41,59.41
ORD-000176,CUST-0016,2024-01-03,Kitchen Knife Set,Home & Kitchen,2,74.37,148.74
ORD-000177,CUST-0030,2023-04-26,Air Fryer,Home & Kitchen,3,19.71,59.13
ORD-000178,CUST-0043,2023-04-29,Wireless Headphones,Electronics,1,40.38,40.38
ORD-000179,CUST-0062,2024-12-02,Kitchen Knife Set,Home & Kitchen,1,77.64,77.64
ORD-000180,CUST-0013,2024-05-06,Cotton Hoodie,Clothing,3,44.68,134.04
ORD-000181,CUST-0062,2023-08-21,Air Fryer,Home & Kitchen,1,39.82,39.82
ORD-000182,CUST-0003,2024-08-30,Wireless Headphones,Electronics,1,347.18,347.18
ORD-000183,CUST-0004,2024-12-12,Smart Watch,Electronics,2,122.29,244.58
ORD-000184,CUST-0059,2024-01-24,Kitchen Knife Set,Home & Kitchen,2,20.53,41.06
ORD-000185,CUST-0033,2024-12-09,Wireless Headphones,Electronics,3,62.81,188.43
ORD-000186,CUST-0001,2023-12-15,Wireless Headphones,Electronics,2,39.70,79.40
ORD-000187,CUST-0065,2024-11-24,Business Handbook,Books,2,35.07,70.14
ORD-000188,CUST-0070,2023-08-09,Portable Charger,Electronics,2,137.71,275.42
ORD-000189,CUST-0004,2024-07-14,Wireless Headphones,Electronics,1,208.08,208.08
ORD-000190,CUST-0053,2024-01-23,USB-C Hub,Electronics,1,63.25,63.25
ORD-000191,CUST-0072,2024-12-17,Bed Sheet Set,Home & Kitchen,1,40.37,40.37
ORD-000192,CUST-0051,2024-10-28,Trail Backpack,Sports,1,15.95,15.95
ORD-000193,CUST-0005,2024-07-16,Denim Jacket,Clothing,2,60.91,121.82
ORD-000194,CUST-0068,2023-11-15,Rain Jacket,Clothing,4,79.49,317.96
ORD-000195,CUST-0028,2024-04-09,Wireless Headphones,Electronics,1,135.08,135.08
ORD-000196,CUST-0025,2023-07-06,Cotton Hoodie,Clothing,1,28.91,28.91
ORD-000197,CUST-0047,2023-06-01,Finance Basics,Books,4,19.03,76.12
ORD-000198,CUST-0018,2023-02-05,Face Moisturizer,Beauty,1,8.31,8.31
ORD-000199,CUST-0048,2023-10-26,Vitamin C Serum,Beauty,1,23.58,23.58
ORD-000200,CUST-0026,2024-08-17,Face Moisturizer,Beauty,2,26.07,52.14
ORD-000201,CUST-0005,2023-02-09,Bed Sheet Set,Home & Kitchen,1,38.24,38.24
ORD-000202,CUST-0005,2023-07-20,USB-C Hub,Electronics,2,353.52,707.04
ORD-000203,CUST-0055,2023-08-11,Air Fryer,Home & Kitchen,2,74.95,149.90
ORD-000204,CUST-0018,2023-11-20,Makeup Brush Set,Beauty,1,35.26,35.26
ORD-000205,CUST-0048,2024-12-11,Graphic T-Shirt,Clothing,2,19.78,39.56
ORD-000206,CUST-0039,2024-10-18,Healthy Meal Prep,Books,3,10.08,30.24
ORD-000207,CUST-0029,2023-08-11,Bed Sheet Set,Home & Kitchen,1,75.79,75.79
ORD-000208,CUST-0044,2024-01-20,Body Lotion,Beauty,1,26.09,26.09
ORD-000209,CUST-0011,2024-06-20,Healthy Meal Prep,Books,1,9.91,9.91
ORD-000210,CUST-0066,2023-10-01,Electric Kettle,Home & Kitchen,1,41.82,41.82
ORD-000211,CUST-0066,2024-06-17,Body Lotion,Beauty,1,13.57,13.57
ORD-000212,CUST-0003,2024-03-04,Business Handbook,Books,1,31.78,31.78
ORD-000213,CUST-0010,2023-06-23,Kitchen Knife Set,Home & Kitchen,1,40.09,40.09
ORD-000214,CUST-0040,2023-09-18,Wireless Headphones,Electronics,1,369.03,369.03
ORD-000215,CUST-0003,2024-01-31,Denim Jacket,Clothing,1,19.22,19.22
ORD-000216,CUST-0029,2023-11-06,Vitamin C Serum,Beauty,1,20.00,20.00
ORD-000217,CUST-0047,2023-11-04,Robot Vacuum,Home & Kitchen,2,78.87,157.74
ORD-000218,CUST-0065,2024-04-03,Coffee Grinder,Home & Kitchen,1,76.58,76.58
ORD-000219,CUST-0027,2024-07-18,Smart Watch,Electronics,2,342.20,684.40
ORD-000220,CUST-0004,2023-01-23,Resistance Bands,Sports,1,40.73,40.73
ORD-000221,CUST-0006,2024-11-23,Bluetooth Speaker,Electronics,1,190.90,190.90
ORD-000222,CUST-0005,2023-05-26,Denim Jacket,Clothing,1,30.98,30.98
ORD-000223,CUST-0018,2024-03-17,Cotton Hoodie,Clothing,2,21.10,42.20
ORD-000224,CUST-0026,2024-09-11,Resistance Bands,Sports,2,126.25,252.50
ORD-000225,CUST-0053,2023-03-30,Wireless Headphones,Electronics,1,207.35,207.35
ORD-000226,CUST-0036,2023-03-26,Wireless Headphones,Electronics,1,41.55,41.55
ORD-000227,CUST-0022,2023-03-13,Cotton Hoodie,Clothing,1,56.38,56.38
ORD-000228,CUST-0027,2023-12-23,Running Shoes,Clothing,2,60.65,121.30
ORD-000229,CUST-0065,2024-12-25,Smart Watch,Electronics,1,201.90,201.90
ORD-000230,CUST-0043,2024-12-23,Air Fryer,Home & Kitchen,3,19.08,57.24
ORD-000231,CUST-0076,2023-03-31,Body Lotion,Beauty,1,19.77,19.77
ORD-000232,CUST-0035,2024-12-16,Rain Jacket,Clothing,1,30.98,30.98
ORD-000233,CUST-0002,2023-08-09,Bed Sheet Set,Home & Kitchen,1,121.95,121.95
ORD-000234,CUST-0010,2023-11-28,Cotton Hoodie,Clothing,2,84.88,169.76
ORD-000235,CUST-0006,2023-01-25,Resistance Bands,Sports,1,23.68,23.68
ORD-000236,CUST-0053,2024-11-03,Electric Kettle,Home & Kitchen,1,111.26,111.26
ORD-000237,CUST-0079,2023-05-24,Yoga Leggings,Clothing,2,20.74,41.48
ORD-000238,CUST-0001,2024-10-19,Smart Watch,Electronics,1,362.60,362.60
ORD-000239,CUST-0021,2023-10-10,Makeup Brush Set,Beauty,1,25.58,25.58
ORD-000240,CUST-0001,2024-05-24,Business Handbook,Books,2,7.22,14.44
ORD-000241,CUST-0055,2023-04-16,Bluetooth Speaker,Electronics,1,41.67,41.67
ORD-000242,CUST-0065,2024-07-09,Cotton Hoodie,Clothing,1,20.53,20.53
ORD-000243,CUST-0066,2024-03-24,Denim Jacket,Clothing,1,79.63,79.63
ORD-000244,CUST-0017,2024-01-31,Body Lotion,Beauty,2,62.20,124.40
ORD-000245,CUST-0001,2023-08-18,Yoga Mat,Sports,1,124.08,124.08
ORD-000246,CUST-0016,2023-08-11,Wireless Headphones,Electronics,3,194.79,584.37
ORD-000247,CUST-0026,2023-05-28,Vitamin C Serum,Beauty,1,34.79,34.79
ORD-000248,CUST-0055,2023-12-31,Yoga Leggings,Clothing,1,84.35,84.35
ORD-000249,CUST-0007,2024-04-07,Bluetooth Speaker,Electronics,1,94.80,94.80
ORD-000250,CUST-0003,2024-05-14,Cotton Hoodie,Clothing,1,60.06,60.06
ORD-000251,CUST-0020,2023-11-12,Wireless Headphones,Electronics,2,41.45,82.90
ORD-000252,CUST-0014,2023-10-10,Coffee Grinder,Home & Kitchen,2,257.70,515.40
ORD-000253,CUST-0011,2024-03-09,Wireless Headphones,Electronics,2,63.35,126.70
ORD-000254,CUST-0003,2024-11-28,Face Moisturizer,Beauty,1,7.98,7.98
ORD-000255,CUST-0012,2023-07-10,Wireless Headphones,Electronics,1,131.62,131.62
ORD-000256,CUST-0057,2024-05-20,Yoga Mat,Sports,1,68.62,68.62
ORD-000257,CUST-0038,2024-09-02,Sunscreen SPF 50,Beauty,1,8.44,8.44
ORD-000258,CUST-0083,2024-12-09,Mechanical Keyboard,Electronics,3,89.43,268.29
ORD-000259,CUST-0040,2024-03-20,Body Lotion,Beauty,1,25.33,25.33
ORD-000260,CUST-0037,2024-12-28,Coffee Grinder,Home & Kitchen,1,19.55,19.55
ORD-000261,CUST-0007,2023-03-26,Wireless Headphones,Electronics,2,357.38,714.76
ORD-000262,CUST-0026,2023-06-07,Cotton Hoodie,Clothing,1,76.93,76.93
ORD-000263,CUST-0052,2023-12-24,Air Fryer,Home & Kitchen,1,247.79,247.79
ORD-000264,CUST-0004,2023-02-20,Data Analytics Primer,Books,1,19.19,19.19
ORD-000265,CUST-0019,2023-05-28,Air Fryer,Home & Kitchen,1,260.37,260.37
ORD-000266,CUST-0052,2023-03-05,Bed Sheet Set,Home & Kitchen,1,79.24,79.24
ORD-000267,CUST-0040,2023-07-03,Air Fryer,Home & Kitchen,1,70.00,70.00
ORD-000268,CUST-0040,2024-11-06,Smart Watch,Electronics,2,357.89,715.78
ORD-000269,CUST-0026,2024-12-09,Smart Watch,Electronics,1,41.54,41.54
ORD-000270,CUST-0001,2024-11-11,Running Shoes,Clothing,2,41.09,82.18
ORD-000271,CUST-0051,2024-06-30,Wireless Headphones,Electronics,2,62.42,124.84
ORD-000272,CUST-0020,2023-06-21,Body Lotion,Beauty,2,7.79,15.58
ORD-000273,CUST-0011,2023-10-05,Yoga Leggings,Clothing,1,28.92,28.92
ORD-000274,CUST-0020,2023-02-23,Portable Charger,Electronics,1,211.09,211.09
ORD-000275,CUST-0002,2024-11-09,Bluetooth Speaker,Electronics,1,58.50,58.50
ORD-000276,CUST-0001,2024-09-28,Trail Backpack,Sports,1,39.07,39.07
ORD-000277,CUST-0004,2023-04-25,Hair Dryer,Beauty,1,7.46,7.46
ORD-000278,CUST-0023,2024-06-02,Sunscreen SPF 50,Beauty,1,60.68,60.68
ORD-000279,CUST-0021,2023-06-23,Healthy Meal Prep,Books,1,15.01,15.01
ORD-000280,CUST-0079,2023-05-28,Kitchen Knife Set,Home & Kitchen,2,39.23,78.46
ORD-000281,CUST-0015,2023-11-18,Wireless Headphones,Electronics,1,134.05,134.05
ORD-000282,CUST-0002,2023-01-22,Business Handbook,Books,2,10.15,20.30
ORD-000283,CUST-0011,2023-09-22,Cotton Hoodie,Clothing,4,60.56,242.24
ORD-000284,CUST-0073,2023-06-12,Water Bottle,Sports,1,17.74,17.74
ORD-000285,CUST-0019,2023-12-30,Cotton Hoodie,Clothing,2,74.09,148.18
ORD-000286,CUST-0007,2024-07-17,Vitamin C Serum,Beauty,1,18.86,18.86
ORD-000287,CUST-0059,2023-01-01,Air Fryer,Home & Kitchen,1,76.12,76.12
ORD-000288,CUST-0017,2023-04-07,Wireless Headphones,Electronics,1,131.03,131.03
ORD-000289,CUST-0035,2023-06-19,Vitamin C Serum,Beauty,1,12.83,12.83
ORD-000290,CUST-0064,2024-03-07,Cotton Hoodie,Clothing,2,81.59,163.18
ORD-000291,CUST-0008,2023-04-01,Business Handbook,Books,2,14.35,28.70
ORD-000292,CUST-0014,2024-09-11,Air Fryer,Home & Kitchen,3,40.26,120.78
ORD-000293,CUST-0001,2023-03-14,Running Shoes,Clothing,3,83.10,249.30
ORD-000294,CUST-0016,2023-06-21,Face Moisturizer,Beauty,1,24.05,24.05
ORD-000295,CUST-0001,2023-12-16,Hair Dryer,Beauty,2,61.69,123.38
ORD-000296,CUST-0006,2024-02-11,Sunscreen SPF 50,Beauty,2,62.92,125.84
ORD-000297,CUST-0007,2024-09-02,Smart Watch,Electronics,3,95.30,285.90
ORD-000298,CUST-0051,2023-11-17,Bed Sheet Set,Home & Kitchen,1,79.14,79.14
ORD-000299,CUST-0012,2024-11-01,Air Fryer,Home & Kitchen,1,38.23,38.23
ORD-000300,CUST-0034,2024-10-11,Bluetooth Speaker,Electronics,4,129.30,517.20
ORD-000301,CUST-0066,2023-01-13,Yoga Mat,Sports,1,9.42,9.42
ORD-000302,CUST-0002,2024-10-13,Bed Sheet Set,Home & Kitchen,1,112.57,112.57
ORD-000303,CUST-0018,2024-03-10,Running Shoes,Clothing,1,45.53,45.53
ORD-000304,CUST-0013,2023-08-23,Healthy Meal Prep,Books,3,9.70,29.10
ORD-000305,CUST-0005,2024-02-01,Resistance Bands,Sports,2,23.03,46.06
ORD-000306,CUST-0070,2024-01-29,Air Fryer,Home & Kitchen,1,75.32,75.32
ORD-000307,CUST-0047,2023-07-10,Cotton Hoodie,Clothing,1,46.97,46.97
ORD-000308,CUST-0043,2024-01-28,Graphic T-Shirt,Clothing,1,44.82,44.82
ORD-000309,CUST-0016,2024-12-10,Air Fryer,Home & Kitchen,1,118.16,118.16
ORD-000310,CUST-0020,2023-07-30,Body Lotion,Beauty,1,8.45,8.45
ORD-000311,CUST-0014,2024-04-16,Kitchen Knife Set,Home & Kitchen,1,39.33,39.33
ORD-000312,CUST-0031,2023-06-15,Bluetooth Speaker,Electronics,1,359.22,359.22
ORD-000313,CUST-0012,2023-10-23,Yoga Mat,Sports,3,26.21,78.63
ORD-000314,CUST-0032,2023-11-02,Python Crash Course,Books,1,10.59,10.59
ORD-000315,CUST-0032,2023-07-09,Mechanical Keyboard,Electronics,1,92.84,92.84
ORD-000316,CUST-0043,2024-07-17,Hair Dryer,Beauty,1,23.65,23.65
ORD-000317,CUST-0083,2023-01-18,Data Analytics Primer,Books,3,7.24,21.72
ORD-000318,CUST-0065,2024-09-08,Water Bottle,Sports,3,38.47,115.41
ORD-000319,CUST-0026,2023-11-29,Leadership Playbook,Books,1,36.13,36.13
ORD-000320,CUST-0077,2024-11-20,Yoga Leggings,Clothing,3,79.25,237.75
ORD-000321,CUST-0022,2024-11-10,Wireless Headphones,Electronics,2,125.20,250.40
ORD-000322,CUST-0012,2024-03-08,Yoga Mat,Sports,2,38.85,77.70
ORD-000323,CUST-0017,2024-11-22,Wireless Headphones,Electronics,1,125.69,125.69
ORD-000324,CUST-0015,2024-06-26,Smart Watch,Electronics,2,199.83,399.66
ORD-000325,CUST-0003,2024-01-13,Cotton Hoodie,Clothing,2,60.28,120.56
ORD-000326,CUST-0035,2024-02-27,Smart Watch,Electronics,4,92.65,370.60
ORD-000327,CUST-0005,2024-06-01,Resistance Bands,Sports,3,41.13,123.39
ORD-000328,CUST-0037,2024-03-15,Hair Dryer,Beauty,1,19.64,19.64
ORD-000329,CUST-0005,2023-08-29,Bed Sheet Set,Home & Kitchen,1,39.02,39.02
ORD-000330,CUST-0021,2023-04-10,USB-C Hub,Electronics,1,90.13,90.13
ORD-000331,CUST-0035,2024-11-26,Adjustable Dumbbell,Sports,1,42.32,42.32
ORD-000332,CUST-0038,2023-11-06,Air Fryer,Home & Kitchen,1,40.96,40.96
ORD-000333,CUST-0023,2024-02-06,Bed Sheet Set,Home & Kitchen,1,230.57,230.57
ORD-000334,CUST-0006,2023-05-28,Rain Jacket,Clothing,1,28.95,28.95
ORD-000335,CUST-0010,2023-07-23,Wireless Headphones,Electronics,1,199.46,199.46
ORD-000336,CUST-0033,2023-12-22,Foam Roller,Sports,2,37.73,75.46
ORD-000337,CUST-0047,2024-09-07,Running Shoes,Clothing,2,81.96,163.92
ORD-000338,CUST-0001,2023-01-04,Running Shoes,Clothing,2,31.81,63.62
ORD-000339,CUST-0011,2023-06-18,Mechanical Keyboard,Electronics,1,185.05,185.05
ORD-000340,CUST-0032,2023-10-23,Wireless Headphones,Electronics,1,130.79,130.79
ORD-000341,CUST-0001,2024-12-20,Air Fryer,Home & Kitchen,1,125.61,125.61
ORD-000342,CUST-0070,2023-07-29,Resistance Bands,Sports,3,26.17,78.51
ORD-000343,CUST-0029,2023-12-28,Coffee Grinder,Home & Kitchen,1,252.63,252.63
ORD-000344,CUST-0021,2023-09-17,USB-C Hub,Electronics,2,62.43,124.86
ORD-000345,CUST-0017,2024-08-23,Cotton Hoodie,Clothing,1,30.76,30.76
ORD-000346,CUST-0009,2023-03-14,Vitamin C Serum,Beauty,2,36.48,72.96
ORD-000347,CUST-0003,2024-05-22,Mechanical Keyboard,Electronics,3,211.97,635.91
ORD-000348,CUST-0056,2024-03-16,Bluetooth Speaker,Electronics,1,364.11,364.11
ORD-000349,CUST-0041,2024-02-05,Vitamin C Serum,Beauty,1,17.92,17.92
ORD-000350,CUST-0012,2023-05-19,Resistance Bands,Sports,2,17.14,34.28
ORD-000351,CUST-0010,2024-03-02,Vitamin C Serum,Beauty,1,34.11,34.11
ORD-000352,CUST-0001,2024-03-06,Cotton Hoodie,Clothing,1,62.61,62.61
ORD-000353,CUST-0011,2024-05-30,USB-C Hub,Electronics,2,137.71,275.42
ORD-000354,CUST-0036,2023-08-28,Cotton Hoodie,Clothing,2,56.74,113.48
ORD-000355,CUST-0037,2023-08-27,Cotton Hoodie,Clothing,2,45.53,91.06
ORD-000356,CUST-0048,2023-09-07,Body Lotion,Beauty,2,7.80,15.60
ORD-000357,CUST-0040,2023-11-10,Cotton Hoodie,Clothing,1,84.36,84.36
ORD-000358,CUST-0002,2023-07-31,USB-C Hub,Electronics,2,186.61,373.22
ORD-000359,CUST-0042,2023-01-20,Coffee Grinder,Home & Kitchen,1,116.56,116.56
ORD-000360,CUST-0018,2024-11-09,Sunscreen SPF 50,Beauty,1,19.59,19.59
ORD-000361,CUST-0026,2023-11-01,Robot Vacuum,Home & Kitchen,2,21.07,42.14
ORD-000362,CUST-0075,2024-12-25,Air Fryer,Home & Kitchen,2,41.34,82.68
ORD-000363,CUST-0032,2023-08-02,Air Fryer,Home & Kitchen,1,19.98,19.98
ORD-000364,CUST-0017,2024-04-20,Leadership Playbook,Books,1,36.86,36.86
ORD-000365,CUST-0014,2023-06-22,Wireless Headphones,Electronics,1,367.84,367.84
ORD-000366,CUST-0019,2024-06-27,Kitchen Knife Set,Home & Kitchen,2,20.26,40.52
ORD-000367,CUST-0001,2023-03-15,Foam Roller,Sports,1,10.60,10.60
ORD-000368,CUST-0005,2024-05-17,Foam Roller,Sports,3,63.90,191.70
ORD-000369,CUST-0006,2023-12-13,Rain Jacket,Clothing,1,21.03,21.03
ORD-000370,CUST-0031,2023-12-17,Water Bottle,Sports,3,126.62,379.86
ORD-000371,CUST-0070,2023-07-06,Rain Jacket,Clothing,1,46.95,46.95
ORD-000372,CUST-0048,2023-12-07,Air Fryer,Home & Kitchen,3,19.29,57.87
ORD-000373,CUST-0068,2024-12-02,Data Analytics Primer,Books,1,14.63,14.63
ORD-000374,CUST-0075,2024-03-17,Healthy Meal Prep,Books,1,37.12,37.12
ORD-000375,CUST-0033,2023-12-28,Air Fryer,Home & Kitchen,1,250.61,250.61
ORD-000376,CUST-0015,2023-11-18,Cotton Hoodie,Clothing,2,20.97,41.94
ORD-000377,CUST-0030,2023-08-06,Trail Backpack,Sports,1,10.49,10.49
ORD-000378,CUST-0063,2023-03-01,Bluetooth Speaker,Electronics,2,91.22,182.44
ORD-000379,CUST-0034,2024-10-23,Wireless Headphones,Electronics,1,134.21,134.21
ORD-000380,CUST-0036,2023-03-04,Sunscreen SPF 50,Beauty,1,7.64,7.64
ORD-000381,CUST-0036,2024-02-08,Coffee Grinder,Home & Kitchen,4,239.36,957.44
ORD-000382,CUST-0003,2023-12-01,Cotton Hoodie,Clothing,1,18.64,18.64
ORD-000383,CUST-0056,2024-12-16,Portable Charger,Electronics,3,359.35,1078.05
ORD-000384,CUST-0027,2023-12-26,Air Fryer,Home & Kitchen,1,72.15,72.15
ORD-000385,CUST-0005,2024-01-30,Wireless Headphones,Electronics,1,61.29,61.29
ORD-000386,CUST-0002,2023-01-23,Smart Watch,Electronics,1,61.72,61.72
ORD-000387,CUST-0054,2024-10-12,Running Shoes,Clothing,1,75.91,75.91
ORD-000388,CUST-0001,2023-12-03,Python Crash Course,Books,1,6.78,6.78
ORD-000389,CUST-0014,2023-04-22,Denim Jacket,Clothing,1,60.52,60.52
ORD-000390,CUST-0005,2023-12-09,Cotton Hoodie,Clothing,2,30.63,61.26
ORD-000391,CUST-0008,2023-04-15,Denim Jacket,Clothing,2,63.52,127.04
ORD-000392,CUST-0022,2024-12-13,Cotton Hoodie,Clothing,3,82.00,246.00
ORD-000393,CUST-0012,2024-06-08,Smart Watch,Electronics,1,92.27,92.27
ORD-000394,CUST-0001,2024-06-01,Hair Dryer,Beauty,2,35.28,70.56
ORD-000395,CUST-0067,2024-11-20,Wireless Headphones,Electronics,1,122.86,122.86
ORD-000396,CUST-0009,2024-12-14,Vitamin C Serum,Beauty,1,26.40,26.40
ORD-000397,CUST-0075,2023-07-29,Running Shoes,Clothing,1,44.62,44.62
ORD-000398,CUST-0025,2023-04-17,Air Fryer,Home & Kitchen,2,250.65,501.30
ORD-000399,CUST-0024,2024-12-20,Cotton Hoodie,Clothing,1,20.38,20.38
ORD-000400,CUST-0014,2024-11-02,Business Handbook,Books,1,24.80,24.80
ORD-000401,CUST-0003,2024-03-31,Wireless Headphones,Electronics,2,63.29,126.58
ORD-000402,CUST-0003,2024-02-19,Air Fryer,Home & Kitchen,1,76.53,76.53
ORD-000403,CUST-0048,2024-01-10,Vitamin C Serum,Beauty,1,36.69,36.69
ORD-000404,CUST-0030,2024-05-06,Smart Watch,Electronics,1,128.97,128.97
ORD-000405,CUST-0001,2024-06-29,Cotton Hoodie,Clothing,1,44.42,44.42
ORD-000406,CUST-0060,2024-06-05,Denim Jacket,Clothing,2,41.75,83.50
ORD-000407,CUST-0006,2023-11-05,Yoga Leggings,Clothing,3,20.25,60.75
ORD-000408,CUST-0013,2023-08-13,Air Fryer,Home & Kitchen,1,79.38,79.38
ORD-000409,CUST-0021,2023-12-12,Kitchen Knife Set,Home & Kitchen,4,20.93,83.72
ORD-000410,CUST-0078,2023-06-10,Graphic T-Shirt,Clothing,1,27.46,27.46
ORD-000411,CUST-0032,2024-05-15,Makeup Brush Set,Beauty,2,19.22,38.44
ORD-000412,CUST-0008,2023-10-21,Cotton Hoodie,Clothing,1,29.33,29.33
ORD-000413,CUST-0055,2023-11-27,Adjustable Dumbbell,Sports,2,115.10,230.20
ORD-000414,CUST-0003,2023-03-16,Wireless Headphones,Electronics,2,95.18,190.36
ORD-000415,CUST-0005,2024-09-27,Cotton Hoodie,Clothing,1,30.69,30.69
ORD-000416,CUST-0001,2024-11-12,Portable Charger,Electronics,1,93.10,93.10
ORD-000417,CUST-0013,2023-02-12,Bluetooth Speaker,Electronics,1,198.66,198.66
ORD-000418,CUST-0009,2024-06-19,Air Fryer,Home & Kitchen,1,259.42,259.42
ORD-000419,CUST-0015,2023-06-24,Wireless Headphones,Electronics,1,40.47,40.47
ORD-000420,CUST-0064,2023-12-25,Bluetooth Speaker,Electronics,1,357.03,357.03
ORD-000421,CUST-0003,2024-03-16,Wireless Headphones,Electronics,4,36.91,147.64
ORD-000422,CUST-0006,2024-05-04,Smart Watch,Electronics,4,92.29,369.16
ORD-000423,CUST-0011,2023-12-17,Air Fryer,Home & Kitchen,2,20.88,41.76
ORD-000424,CUST-0081,2024-10-29,Air Fryer,Home & Kitchen,1,20.68,20.68
ORD-000425,CUST-0004,2023-12-19,Air Fryer,Home & Kitchen,3,76.48,229.44
ORD-000426,CUST-0001,2024-07-25,Yoga Mat,Sports,3,10.46,31.38
ORD-000427,CUST-0068,2023-07-06,Makeup Brush Set,Beauty,1,25.43,25.43
ORD-000428,CUST-0001,2023-01-29,Cotton Hoodie,Clothing,3,81.53,244.59
ORD-000429,CUST-0051,2024-08-16,Adjustable Dumbbell,Sports,2,65.94,131.88
ORD-000430,CUST-0009,2023-04-02,Face Moisturizer,Beauty,1,58.61,58.61
ORD-000431,CUST-0023,2023-10-02,Resistance Bands,Sports,1,121.34,121.34
ORD-000432,CUST-0006,2024-12-30,Leadership Playbook,Books,2,9.78,19.56
ORD-000433,CUST-0014,2024-04-20,Smart Watch,Electronics,1,201.49,201.49
ORD-000434,CUST-0007,2023-11-04,Air Fryer,Home & Kitchen,3,41.99,125.97
ORD-000435,CUST-0035,2023-05-17,Bluetooth Speaker,Electronics,1,208.35,208.35
ORD-000436,CUST-0001,2024-03-30,Data Analytics Primer,Books,1,26.31,26.31
ORD-000437,CUST-0059,2023-12-02,Resistance Bands,Sports,1,41.80,41.80
ORD-000438,CUST-0042,2024-05-13,Yoga Leggings,Clothing,4,19.17,76.68
ORD-000439,CUST-0009,2023-08-26,Face Moisturizer,Beauty,1,13.67,13.67
ORD-000440,CUST-0002,2024-05-05,Mechanical Keyboard,Electronics,1,91.87,91.87
ORD-000441,CUST-0012,2024-11-18,Yoga Leggings,Clothing,1,75.60,75.60
ORD-000442,CUST-0017,2024-11-06,Leadership Playbook,Books,1,19.39,19.39
ORD-000443,CUST-0072,2023-07-25,USB-C Hub,Electronics,1,92.19,92.19
ORD-000444,CUST-0040,2024-11-11,Face Moisturizer,Beauty,1,19.07,19.07
ORD-000445,CUST-0021,2023-05-31,Air Fryer,Home & Kitchen,1,78.66,78.66
ORD-000446,CUST-0046,2024-11-19,Coffee Grinder,Home & Kitchen,3,255.29,765.87
ORD-000447,CUST-0041,2023-02-19,Wireless Headphones,Electronics,1,57.45,57.45
ORD-000448,CUST-0015,2023-05-03,Running Shoes,Clothing,2,31.70,63.40
ORD-000449,CUST-0050,2023-04-24,Healthy Meal Prep,Books,2,33.28,66.56
ORD-000450,CUST-0016,2024-11-01,Air Fryer,Home & Kitchen,2,250.85,501.70
ORD-000451,CUST-0004,2023-10-07,Water Bottle,Sports,1,121.63,121.63
ORD-000452,CUST-0074,2024-05-14,Foam Roller,Sports,1,59.78,59.78
ORD-000453,CUST-0074,2024-12-02,Mechanical Keyboard,Electronics,1,55.19,55.19
ORD-000454,CUST-0001,2023-05-15,Wireless Headphones,Electronics,2,40.45,80.90
ORD-000455,CUST-0003,2024-12-22,Resistance Bands,Sports,1,9.50,9.50
ORD-000456,CUST-0027,2024-05-21,Robot Vacuum,Home & Kitchen,1,121.89,121.89
ORD-000457,CUST-0003,2023-12-14,Denim Jacket,Clothing,1,47.42,47.42
ORD-000458,CUST-0058,2023-11-11,Air Fryer,Home & Kitchen,1,265.15,265.15
ORD-000459,CUST-0004,2024-12-13,Wireless Headphones,Electronics,1,123.68,123.68
ORD-000460,CUST-0001,2024-06-25,Vitamin C Serum,Beauty,2,13.58,27.16
ORD-000461,CUST-0036,2024-11-21,Smart Watch,Electronics,2,41.58,83.16
ORD-000462,CUST-0004,2024-12-07,Robot Vacuum,Home & Kitchen,1,79.01,79.01
ORD-000463,CUST-0049,2023-11-24,Face Moisturizer,Beauty,1,20.09,20.09
ORD-000464,CUST-0010,2023-03-14,Face Moisturizer,Beauty,1,36.46,36.46
ORD-000465,CUST-0045,2023-11-28,Vitamin C Serum,Beauty,1,8.43,8.43
ORD-000466,CUST-0021,2024-12-27,Air Fryer,Home & Kitchen,1,40.92,40.92
ORD-000467,CUST-0026,2024-06-01,Yoga Mat,Sports,2,40.35,80.70
ORD-000468,CUST-0072,2023-06-02,Vitamin C Serum,Beauty,1,19.08,19.08
ORD-000469,CUST-0020,2024-12-28,Smart Watch,Electronics,2,203.05,406.10
ORD-000470,CUST-0019,2024-11-12,Air Fryer,Home & Kitchen,1,118.62,118.62
ORD-000471,CUST-0036,2024-12-22,Wireless Headphones,Electronics,3,37.22,111.66
ORD-000472,CUST-0073,2023-11-22,Wireless Headphones,Electronics,1,60.53,60.53
ORD-000473,CUST-0022,2023-07-31,USB-C Hub,Electronics,1,61.13,61.13
ORD-000474,CUST-0050,2024-05-19,Wireless Headphones,Electronics,2,60.80,121.60
ORD-000475,CUST-0035,2024-12-16,Air Fryer,Home & Kitchen,1,78.88,78.88
ORD-000476,CUST-0001,2024-09-27,Mechanical Keyboard,Electronics,1,129.52,129.52
ORD-000477,CUST-0037,2024-04-28,Coffee Grinder,Home & Kitchen,2,119.26,238.52
ORD-000478,CUST-0007,2023-12-28,Cotton Hoodie,Clothing,2,76.90,153.80
ORD-000479,CUST-0016,2024-12-02,Smart Watch,Electronics,1,63.46,63.46
ORD-000480,CUST-0001,2023-11-14,Sunscreen SPF 50,Beauty,1,20.05,20.05
ORD-000481,CUST-0010,2024-05-21,Yoga Mat,Sports,1,24.99,24.99
ORD-000482,CUST-0020,2024-09-14,Makeup Brush Set,Beauty,1,26.45,26.45
ORD-000483,CUST-0054,2024-03-29,Cotton Hoodie,Clothing,1,79.42,79.42
ORD-000484,CUST-0059,2023-10-21,Air Fryer,Home & Kitchen,1,73.83,73.83
ORD-000485,CUST-0019,2024-12-26,Bluetooth Speaker,Electronics,1,62.17,62.17
ORD-000486,CUST-0013,2023-01-08,Water Bottle,Sports,1,9.63,9.63
ORD-000487,CUST-0007,2024-10-13,Air Fryer,Home & Kitchen,1,41.54,41.54
ORD-000488,CUST-0001,2023-11-28,Air Fryer,Home & Kitchen,4,234.14,936.56
ORD-000489,CUST-0019,2023-07-20,Cotton Hoodie,Clothing,2,43.46,86.92
ORD-000490,CUST-0036,2024-06-27,Denim Jacket,Clothing,2,31.68,63.36
ORD-000491,CUST-0055,2024-08-18,Air Fryer,Home & Kitchen,1,18.32,18.32
ORD-000492,CUST-0008,2023-12-09,Coffee Grinder,Home & Kitchen,1,39.93,39.93
ORD-000493,CUST-0009,2023-05-11,Healthy Meal Prep,Books,1,14.26,14.26
ORD-000494,CUST-0016,2024-10-27,Running Shoes,Clothing,1,84.08,84.08
ORD-000495,CUST-0004,2024-08-03,Cotton Hoodie,Clothing,1,19.15,19.15
ORD-000496,CUST-0047,2024-06-04,Wireless Headphones,Electronics,1,188.49,188.49
ORD-000497,CUST-0052,2024-12-22,Bluetooth Speaker,Electronics,1,132.50,132.50
ORD-000498,CUST-0024,2023-11-20,Coffee Grinder,Home & Kitchen,1,252.36,252.36
ORD-000499,CUST-0048,2024-11-01,Bluetooth Speaker,Electronics,1,38.79,38.79
ORD-000500,CUST-0004,2023-06-20,Coffee Grinder,Home & Kitchen,2,77.98,155.96
